{"input_weights": [[0.3135475886693848, -0.775602306225206, 0.7605731147539421, 0.7284832073694956, 0.04927084744346377, 0.2828274919590039, -0.8588509343028206, 0.9441135626716348, 0.5463067767145235], [-0.1553296824397945, -0.9946563905172758, -0.1421865142829195, 0.040171781664453565, -0.9365150236822322, 0.6701354360829923, -0.7698960095249014, 0.316593092292909, 0.5784872732022637], [-0.5993814878647554, -0.8895822694679314, 0.9426823941076725, 0.11322342123825413, 0.14578529814897268, -0.09123827199264833, -0.0046303377380407795, -0.25546642093409133, 0.5911904457610384]], "output_weights": [[-0.37853622235392836, -0.2756202903068181], [-0.020408545088481667, 0.630932160317542], [0.8790248468712651, 0.41735467954300565], [0.3008818311174819, -0.07952674137643512], [0.6671708586745373, 0.10436650278350146], [0.29361979805501415, 0.38376525816582086], [0.5750160926292864, 0.5751879931230961], [0.3655998827071332, 0.12037815489537995], [-0.9233327325390077, 0.24733881925132817]]}